version	driver	relationship	niffler_path	niffler_sha256	aether_path	aether_sha256
20260403000000	mysql	same_id_different_content	crates/aether-data/migrations/mysql/20260403000000_baseline.sql	dffd09e0b8cdcb7ddf1ec62f6dfbf6b51f272279435b224ab88fc843241347e9	crates/aether-data/adapters/mysql/migrations/20260403000000_baseline.sql	630b1bc0e60a7a5b49a973ad9591a3fba1e230a1df80c43ec9983b7065bf165e
20260403000000	postgres	same_id_different_content	crates/aether-data/migrations/postgres/20260403000000_baseline.sql	ecdc826fc7125155205e251efbdad1792157736867ac62ee316affd355cc86ea	crates/aether-data/adapters/postgres/migrations/20260403000000_baseline.sql	885e82570c2959fee6d084511c9ad2018769447eb8d7b0155babdb21ed6e829a
20260403000000	sqlite	same_id_different_content	crates/aether-data/migrations/sqlite/20260403000000_baseline.sql	db55f8ecff1d3e99f77682e5dafe0a678b2e9894b23fa94d00ce5a87005d6645	crates/aether-data/adapters/sqlite/migrations/20260403000000_baseline.sql	ce95e7b6f9b246db7fb3b2c14af01927066461b47bd5b09639476f83b1c07c98
20260406000000	postgres	same_content	crates/aether-data/migrations/postgres/20260406000000_add_provider_endpoints_health_score.sql	40d4658d84c3b73f0d02758ec59cd1eeae3d5e54420c2a70a4ef72f17b4fc4a7	crates/aether-data/adapters/postgres/migrations/20260406000000_add_provider_endpoints_health_score.sql	40d4658d84c3b73f0d02758ec59cd1eeae3d5e54420c2a70a4ef72f17b4fc4a7
20260410000000	postgres	same_content	crates/aether-data/migrations/postgres/20260410000000_add_usage_token_semantics_v2.sql	effb61fb8b6884a811ffd21c58f8ac36fea4957cde0f6293580a6b01926034cf	crates/aether-data/adapters/postgres/migrations/20260410000000_add_usage_token_semantics_v2.sql	effb61fb8b6884a811ffd21c58f8ac36fea4957cde0f6293580a6b01926034cf
20260413020000	postgres	same_content	crates/aether-data/migrations/postgres/20260413020000_squash_usage_schema_split.sql	fafff61388dd45ff359d647079d3629801f23810c3ec2b27a844a308f2dac50a	crates/aether-data/adapters/postgres/migrations/20260413020000_squash_usage_schema_split.sql	fafff61388dd45ff359d647079d3629801f23810c3ec2b27a844a308f2dac50a
20260413030000	postgres	same_content	crates/aether-data/migrations/postgres/20260413030000_deprecate_usage_legacy_http_columns.sql	567d7347127989c7bbed7b8a08423583468b840956b1ca21e87da7193539a01d	crates/aether-data/adapters/postgres/migrations/20260413030000_deprecate_usage_legacy_http_columns.sql	567d7347127989c7bbed7b8a08423583468b840956b1ca21e87da7193539a01d
20260415000000	postgres	same_content	crates/aether-data/migrations/postgres/20260415000000_add_redeem_codes.sql	5330862f2228a37f2b80fa5668173598f2f676217aaa3cdb3086b1343e9f9baa	crates/aether-data/adapters/postgres/migrations/20260415000000_add_redeem_codes.sql	5330862f2228a37f2b80fa5668173598f2f676217aaa3cdb3086b1343e9f9baa
20260418000000	postgres	same_content	crates/aether-data/migrations/postgres/20260418000000_add_usage_http_audit_body_states.sql	cb6ecb2c49f823171447dcba12a4f628893a6509a6cc8bd2088d4abb4e0d13a6	crates/aether-data/adapters/postgres/migrations/20260418000000_add_usage_http_audit_body_states.sql	cb6ecb2c49f823171447dcba12a4f628893a6509a6cc8bd2088d4abb4e0d13a6
20260421000000	postgres	same_content	crates/aether-data/migrations/postgres/20260421000000_add_stats_user_summary_and_enrich_user_aggregates.sql	21237bd05bc4ee091cd13ed525c9b540fe33fe6188fa3b96e96a9f37d74868c0	crates/aether-data/adapters/postgres/migrations/20260421000000_add_stats_user_summary_and_enrich_user_aggregates.sql	21237bd05bc4ee091cd13ed525c9b540fe33fe6188fa3b96e96a9f37d74868c0
20260422110000	postgres	same_content	crates/aether-data/migrations/postgres/20260422110000_add_stats_aggregate_read_path_support.sql	55ea82050d4e62ab2d0dd0dd505fccd8919b9898cfd3e2719053f7cac1cf0f32	crates/aether-data/adapters/postgres/migrations/20260422110000_add_stats_aggregate_read_path_support.sql	55ea82050d4e62ab2d0dd0dd505fccd8919b9898cfd3e2719053f7cac1cf0f32
20260422120000	postgres	same_content	crates/aether-data/migrations/postgres/20260422120000_add_api_key_usage_stats.sql	e51c1f71a662db55808e8c47741ee874240e2ecb23e06a6ef649d7111b3502de	crates/aether-data/adapters/postgres/migrations/20260422120000_add_api_key_usage_stats.sql	e51c1f71a662db55808e8c47741ee874240e2ecb23e06a6ef649d7111b3502de
20260423000000	postgres	same_content	crates/aether-data/migrations/postgres/20260423000000_fix_provider_api_key_api_formats_nullable.sql	b1c7f45f4f01a06cb34a0f0218124904a67624c46c82e8c184c636e5c35baed7	crates/aether-data/adapters/postgres/migrations/20260423000000_fix_provider_api_key_api_formats_nullable.sql	b1c7f45f4f01a06cb34a0f0218124904a67624c46c82e8c184c636e5c35baed7
20260424000000	postgres	same_content	crates/aether-data/migrations/postgres/20260424000000_add_billing_v3_settlement_snapshot.sql	38a7ee698ee1efc2923bce6c66842d3db45dffae6eaa35f34124d42d037458aa	crates/aether-data/adapters/postgres/migrations/20260424000000_add_billing_v3_settlement_snapshot.sql	38a7ee698ee1efc2923bce6c66842d3db45dffae6eaa35f34124d42d037458aa
20260428000000	postgres	same_content	crates/aether-data/migrations/postgres/20260428000000_normalize_api_format_aliases.sql	b74359fce31b8ff1ad325b5675ed3506e0844552201dd98d3db91fdeffe89d4a	crates/aether-data/adapters/postgres/migrations/20260428000000_normalize_api_format_aliases.sql	b74359fce31b8ff1ad325b5675ed3506e0844552201dd98d3db91fdeffe89d4a
20260502000000	postgres	same_content	crates/aether-data/migrations/postgres/20260502000000_add_provider_key_auth_channel_mismatch_formats.sql	0ef238e22fa842fb9e097102439901f950c90b933d157015de44ebbec963736b	crates/aether-data/adapters/postgres/migrations/20260502000000_add_provider_key_auth_channel_mismatch_formats.sql	0ef238e22fa842fb9e097102439901f950c90b933d157015de44ebbec963736b
20260505000000	postgres	same_content	crates/aether-data/migrations/postgres/20260505000000_sync_core_export_columns.sql	e6e0cadd58e278763b2514c3314e14cd38e54c0ef844fc65b0716aad756e1781	crates/aether-data/adapters/postgres/migrations/20260505000000_sync_core_export_columns.sql	e6e0cadd58e278763b2514c3314e14cd38e54c0ef844fc65b0716aad756e1781
20260505130000	postgres	same_content	crates/aether-data/migrations/postgres/20260505130000_project_upstream_stream_in_usage_billing_facts.sql	cce55cbba145009e7f704651c5febe19c6436c9b8bc29724dcc0499f82c36597	crates/aether-data/adapters/postgres/migrations/20260505130000_project_upstream_stream_in_usage_billing_facts.sql	cce55cbba145009e7f704651c5febe19c6436c9b8bc29724dcc0499f82c36597
20260507000000	postgres	same_content	crates/aether-data/migrations/postgres/20260507000000_cascade_announcement_reads_on_delete.sql	d0681339435fd7ad0bd8ea388c29ea8c055c43515f3e8b2aef6bf717b33686e8	crates/aether-data/adapters/postgres/migrations/20260507000000_cascade_announcement_reads_on_delete.sql	d0681339435fd7ad0bd8ea388c29ea8c055c43515f3e8b2aef6bf717b33686e8
20260507120000	mysql	same_content	crates/aether-data/migrations/mysql/20260507120000_add_management_token_permissions.sql	a32866d8b00bb046d7752ee4650d514d6a7a9eb32a9a1c7204b124f4c40b1983	crates/aether-data/adapters/mysql/migrations/20260507120000_add_management_token_permissions.sql	a32866d8b00bb046d7752ee4650d514d6a7a9eb32a9a1c7204b124f4c40b1983
20260507120000	postgres	same_content	crates/aether-data/migrations/postgres/20260507120000_add_management_token_permissions.sql	1c1c705ce4c0d98d3a5df972ac03d7296b11e2016e7cffde5698bda86f610983	crates/aether-data/adapters/postgres/migrations/20260507120000_add_management_token_permissions.sql	1c1c705ce4c0d98d3a5df972ac03d7296b11e2016e7cffde5698bda86f610983
20260507120000	sqlite	same_content	crates/aether-data/migrations/sqlite/20260507120000_add_management_token_permissions.sql	f2bfceca289b5940eea17009f269b2f1bd3f5c6cfe115b949c6469283aa92ee1	crates/aether-data/adapters/sqlite/migrations/20260507120000_add_management_token_permissions.sql	f2bfceca289b5940eea17009f269b2f1bd3f5c6cfe115b949c6469283aa92ee1
20260508000000	mysql	same_content	crates/aether-data/migrations/mysql/20260508000000_add_proxy_node_metrics.sql	72035b2ab8d4119fe1fb501cc9d035806e3869e5ea9fdc3bc3c320d070a5d3f3	crates/aether-data/adapters/mysql/migrations/20260508000000_add_proxy_node_metrics.sql	72035b2ab8d4119fe1fb501cc9d035806e3869e5ea9fdc3bc3c320d070a5d3f3
20260508000000	postgres	same_content	crates/aether-data/migrations/postgres/20260508000000_add_proxy_node_metrics.sql	5a0ab860f5857ca92fa658df30ca768862aafc0755b75ce51bea77ca36106838	crates/aether-data/adapters/postgres/migrations/20260508000000_add_proxy_node_metrics.sql	5a0ab860f5857ca92fa658df30ca768862aafc0755b75ce51bea77ca36106838
20260508000000	sqlite	same_content	crates/aether-data/migrations/sqlite/20260508000000_add_proxy_node_metrics.sql	f1d18d10fab1f3185f1c08fb0d558f6f1a149eebbd4614dad043407739c13ea7	crates/aether-data/adapters/sqlite/migrations/20260508000000_add_proxy_node_metrics.sql	f1d18d10fab1f3185f1c08fb0d558f6f1a149eebbd4614dad043407739c13ea7
20260509000000	mysql	same_content	crates/aether-data/migrations/mysql/20260509000000_add_background_tasks.sql	a2603c048278b2cf93058641b702ff8b7044a243d038e15ecbe014d02acf2371	crates/aether-data/adapters/mysql/migrations/20260509000000_add_background_tasks.sql	a2603c048278b2cf93058641b702ff8b7044a243d038e15ecbe014d02acf2371
20260509000000	postgres	same_content	crates/aether-data/migrations/postgres/20260509000000_add_background_tasks.sql	29fb6a853e8e19a1464b007083f80d68e351ec0a1c6b71ce2c7f7d553dc01c62	crates/aether-data/adapters/postgres/migrations/20260509000000_add_background_tasks.sql	29fb6a853e8e19a1464b007083f80d68e351ec0a1c6b71ce2c7f7d553dc01c62
20260509000000	sqlite	same_content	crates/aether-data/migrations/sqlite/20260509000000_add_background_tasks.sql	b3b5762d7a42986c3fc53f2ddbde5f6c18ca24497c32e4cc0b0bca3e89f4414f	crates/aether-data/adapters/sqlite/migrations/20260509000000_add_background_tasks.sql	b3b5762d7a42986c3fc53f2ddbde5f6c18ca24497c32e4cc0b0bca3e89f4414f
20260509120000	mysql	same_content	crates/aether-data/migrations/mysql/20260509120000_add_user_groups.sql	44cc2eda761bedf3a27155b10402fa42d54e9168488ffae7677e7b0ded34a7e6	crates/aether-data/adapters/mysql/migrations/20260509120000_add_user_groups.sql	44cc2eda761bedf3a27155b10402fa42d54e9168488ffae7677e7b0ded34a7e6
20260509120000	postgres	same_content	crates/aether-data/migrations/postgres/20260509120000_add_user_groups.sql	4e207e6d8ffa73e82e3853f28dad4bce8cbadccfffdc8bc75051e40259a02901	crates/aether-data/adapters/postgres/migrations/20260509120000_add_user_groups.sql	4e207e6d8ffa73e82e3853f28dad4bce8cbadccfffdc8bc75051e40259a02901
20260509120000	sqlite	same_content	crates/aether-data/migrations/sqlite/20260509120000_add_user_groups.sql	cd7715deda69f75db3f462aad6d8468b96932dc414103e70f36d8b37ef75b622	crates/aether-data/adapters/sqlite/migrations/20260509120000_add_user_groups.sql	cd7715deda69f75db3f462aad6d8468b96932dc414103e70f36d8b37ef75b622
20260510000000	postgres	same_content	crates/aether-data/migrations/postgres/20260510000000_normalize_management_token_jsonb.sql	5f101c3871754a6c748c85759dc6df77a60efa55771ef1a8ea5c1a0c353e015a	crates/aether-data/adapters/postgres/migrations/20260510000000_normalize_management_token_jsonb.sql	5f101c3871754a6c748c85759dc6df77a60efa55771ef1a8ea5c1a0c353e015a
20260510120000	mysql	same_content	crates/aether-data/migrations/mysql/20260510120000_normalize_empty_user_policy_modes.sql	e9f3c89efab3ac7b283f5376b5361f294ac3b15446787e893e736b2e4393f962	crates/aether-data/adapters/mysql/migrations/20260510120000_normalize_empty_user_policy_modes.sql	e9f3c89efab3ac7b283f5376b5361f294ac3b15446787e893e736b2e4393f962
20260510120000	postgres	same_content	crates/aether-data/migrations/postgres/20260510120000_normalize_empty_user_policy_modes.sql	5959b58d5862e7601a1bab18d88e4e7c5f841a5387e63933c63505832f22a94f	crates/aether-data/adapters/postgres/migrations/20260510120000_normalize_empty_user_policy_modes.sql	5959b58d5862e7601a1bab18d88e4e7c5f841a5387e63933c63505832f22a94f
20260510120000	sqlite	same_content	crates/aether-data/migrations/sqlite/20260510120000_normalize_empty_user_policy_modes.sql	d5b7e41c458d9b092e80c93fedd95e18d7a6d870fc1871b6c9b3379a1173753c	crates/aether-data/adapters/sqlite/migrations/20260510120000_normalize_empty_user_policy_modes.sql	d5b7e41c458d9b092e80c93fedd95e18d7a6d870fc1871b6c9b3379a1173753c
20260511000000	postgres	same_content	crates/aether-data/migrations/postgres/20260511000000_add_provider_api_key_pool_sort_indexes.sql	d8cb2fc3b2b6f16e61e79c5eb30e50ee038e23ed63ae20ac0e8b5eb083b0507a	crates/aether-data/adapters/postgres/migrations/20260511000000_add_provider_api_key_pool_sort_indexes.sql	d8cb2fc3b2b6f16e61e79c5eb30e50ee038e23ed63ae20ac0e8b5eb083b0507a
20260511120000	mysql	same_content	crates/aether-data/migrations/mysql/20260511120000_exclude_admins_from_default_user_group.sql	5227c6032eae67499f8d4c29b9ea1862239a6b3c88d5d050ce19a179a4f6467f	crates/aether-data/adapters/mysql/migrations/20260511120000_exclude_admins_from_default_user_group.sql	5227c6032eae67499f8d4c29b9ea1862239a6b3c88d5d050ce19a179a4f6467f
20260511120000	postgres	same_content	crates/aether-data/migrations/postgres/20260511120000_exclude_admins_from_default_user_group.sql	36276e0c3268ab84efc12c07fdbd3a19417060d17e624c6c2dbc4f69b774f78c	crates/aether-data/adapters/postgres/migrations/20260511120000_exclude_admins_from_default_user_group.sql	36276e0c3268ab84efc12c07fdbd3a19417060d17e624c6c2dbc4f69b774f78c
20260511120000	sqlite	same_content	crates/aether-data/migrations/sqlite/20260511120000_exclude_admins_from_default_user_group.sql	ae9a691faf784f19e731c44b443b063be29a3416c20de4045ba12bfe689a8bcf	crates/aether-data/adapters/sqlite/migrations/20260511120000_exclude_admins_from_default_user_group.sql	ae9a691faf784f19e731c44b443b063be29a3416c20de4045ba12bfe689a8bcf
20260511130000	mysql	same_content	crates/aether-data/migrations/mysql/20260511130000_add_pool_member_scores.sql	35d8950b308fe4969df7bccc216533bbcf33ea6ec868707889dc7e8b64dd9bb3	crates/aether-data/adapters/mysql/migrations/20260511130000_add_pool_member_scores.sql	35d8950b308fe4969df7bccc216533bbcf33ea6ec868707889dc7e8b64dd9bb3
20260511130000	postgres	same_content	crates/aether-data/migrations/postgres/20260511130000_add_pool_member_scores.sql	8c26f3bf1f06e4cbf37e075ed65e67a4fe2d02adbda0cd71efea6be44b6b3d0a	crates/aether-data/adapters/postgres/migrations/20260511130000_add_pool_member_scores.sql	8c26f3bf1f06e4cbf37e075ed65e67a4fe2d02adbda0cd71efea6be44b6b3d0a
20260511130000	sqlite	same_content	crates/aether-data/migrations/sqlite/20260511130000_add_pool_member_scores.sql	5ace51105a19307756d2e5fc3609b6a1e55556200e121da37497bc079e7d2ea0	crates/aether-data/adapters/sqlite/migrations/20260511130000_add_pool_member_scores.sql	5ace51105a19307756d2e5fc3609b6a1e55556200e121da37497bc079e7d2ea0
20260512000000	mysql	same_content	crates/aether-data/migrations/mysql/20260512000000_add_feature_settings.sql	2b90d459983df9588e97daddaffc9ee4d547742144e0f6603ca2f6a8eecfa04d	crates/aether-data/adapters/mysql/migrations/20260512000000_add_feature_settings.sql	2b90d459983df9588e97daddaffc9ee4d547742144e0f6603ca2f6a8eecfa04d
20260512000000	postgres	same_content	crates/aether-data/migrations/postgres/20260512000000_add_feature_settings.sql	fef2479d883651e1d18b8dc1afbdeb28c3bf418c1d6197ac82d5b3017b4bc1c3	crates/aether-data/adapters/postgres/migrations/20260512000000_add_feature_settings.sql	fef2479d883651e1d18b8dc1afbdeb28c3bf418c1d6197ac82d5b3017b4bc1c3
20260512000000	sqlite	same_content	crates/aether-data/migrations/sqlite/20260512000000_add_feature_settings.sql	c5bd5730867cb13936f20bf4c7637e332338a0a904d8b87fc93880c837b0e67f	crates/aether-data/adapters/sqlite/migrations/20260512000000_add_feature_settings.sql	c5bd5730867cb13936f20bf4c7637e332338a0a904d8b87fc93880c837b0e67f
20260512090000	mysql	same_content	crates/aether-data/migrations/mysql/20260512090000_add_payment_gateway_plans.sql	04d54c0ff9a56ba30d8d74e408a0ca9a649457129c4247904e2d7b1dbd70c5a2	crates/aether-data/adapters/mysql/migrations/20260512090000_add_payment_gateway_plans.sql	04d54c0ff9a56ba30d8d74e408a0ca9a649457129c4247904e2d7b1dbd70c5a2
20260512090000	postgres	same_content	crates/aether-data/migrations/postgres/20260512090000_add_payment_gateway_plans.sql	a8cb0822f935ee066113e81a868acd2bd010d8257133034543562ad8f7c7cbc0	crates/aether-data/adapters/postgres/migrations/20260512090000_add_payment_gateway_plans.sql	a8cb0822f935ee066113e81a868acd2bd010d8257133034543562ad8f7c7cbc0
20260512090000	sqlite	same_content	crates/aether-data/migrations/sqlite/20260512090000_add_payment_gateway_plans.sql	b3f35b8b23346ef2260ce580ea0330088954fda106ab06c6795a524b0db3588a	crates/aether-data/adapters/sqlite/migrations/20260512090000_add_payment_gateway_plans.sql	b3f35b8b23346ef2260ce580ea0330088954fda106ab06c6795a524b0db3588a
20260512110000	mysql	same_content	crates/aether-data/migrations/mysql/20260512110000_add_billing_plan_purchase_limit_scope.sql	0f1bc174511d69a4670438be71455384b9cb688cfd589123777afb55f5d7edd6	crates/aether-data/adapters/mysql/migrations/20260512110000_add_billing_plan_purchase_limit_scope.sql	0f1bc174511d69a4670438be71455384b9cb688cfd589123777afb55f5d7edd6
20260512110000	postgres	same_content	crates/aether-data/migrations/postgres/20260512110000_add_billing_plan_purchase_limit_scope.sql	16218d3430e693f436d29fc2f9e9e44781ba9c523cd68626fda8162c96ff36de	crates/aether-data/adapters/postgres/migrations/20260512110000_add_billing_plan_purchase_limit_scope.sql	16218d3430e693f436d29fc2f9e9e44781ba9c523cd68626fda8162c96ff36de
20260512110000	sqlite	same_content	crates/aether-data/migrations/sqlite/20260512110000_add_billing_plan_purchase_limit_scope.sql	ca77ed90e2066371092777cfa13b497e6358a6309fed9743a767464d5f69e42d	crates/aether-data/adapters/sqlite/migrations/20260512110000_add_billing_plan_purchase_limit_scope.sql	ca77ed90e2066371092777cfa13b497e6358a6309fed9743a767464d5f69e42d
20260515000000	postgres	same_content	crates/aether-data/migrations/postgres/20260515000000_add_audit_admin_to_userrole.sql	7d7f24147b5cc97160b83fe08c7a5f2aeb2802446b7f834f40d6420d2024d31b	crates/aether-data/adapters/postgres/migrations/20260515000000_add_audit_admin_to_userrole.sql	7d7f24147b5cc97160b83fe08c7a5f2aeb2802446b7f834f40d6420d2024d31b
20260516000000	mysql	same_content	crates/aether-data/migrations/mysql/20260516000000_add_routing_profiles.sql	e102c0f74ab59126828abd914659cc5137b07dfe66427124c8452ab8fd3d9369	crates/aether-data/adapters/mysql/migrations/20260516000000_add_routing_profiles.sql	e102c0f74ab59126828abd914659cc5137b07dfe66427124c8452ab8fd3d9369
20260516000000	postgres	same_content	crates/aether-data/migrations/postgres/20260516000000_add_routing_profiles.sql	3cfa0e4129a04711641bde34d34d883dfa5e971fd7b79ff352e153e9e9adb015	crates/aether-data/adapters/postgres/migrations/20260516000000_add_routing_profiles.sql	3cfa0e4129a04711641bde34d34d883dfa5e971fd7b79ff352e153e9e9adb015
20260516000000	sqlite	same_content	crates/aether-data/migrations/sqlite/20260516000000_add_routing_profiles.sql	47fd40315c8ab497edab284dece5ede7a5020f1612548b6559b70be0fb2a65a3	crates/aether-data/adapters/sqlite/migrations/20260516000000_add_routing_profiles.sql	47fd40315c8ab497edab284dece5ede7a5020f1612548b6559b70be0fb2a65a3
20260518000000	mysql	same_content	crates/aether-data/migrations/mysql/20260518000000_add_usage_counter_deltas.sql	37d476ef297b748432f87cd6c2693ed2b19ffedd31eb72c1f8fc270a7a2bf6dc	crates/aether-data/adapters/mysql/migrations/20260518000000_add_usage_counter_deltas.sql	37d476ef297b748432f87cd6c2693ed2b19ffedd31eb72c1f8fc270a7a2bf6dc
20260518000000	postgres	same_content	crates/aether-data/migrations/postgres/20260518000000_add_usage_counter_deltas.sql	af93f4d30ec6220686d45ed90ed2642cbb9353de515e8e710ee5ac49c9e65e06	crates/aether-data/adapters/postgres/migrations/20260518000000_add_usage_counter_deltas.sql	af93f4d30ec6220686d45ed90ed2642cbb9353de515e8e710ee5ac49c9e65e06
20260518000000	sqlite	same_content	crates/aether-data/migrations/sqlite/20260518000000_add_usage_counter_deltas.sql	e21cc05ca79e743f3b74a7c5fab40914f341a832f547fa1e7bf762f2f169feea	crates/aether-data/adapters/sqlite/migrations/20260518000000_add_usage_counter_deltas.sql	e21cc05ca79e743f3b74a7c5fab40914f341a832f547fa1e7bf762f2f169feea
20260519000000	mysql	same_content	crates/aether-data/migrations/mysql/20260519000000_add_referrals_privacy_required_announcements.sql	3ccd0709c3f3f369a901c5d71edf2d8e95dd250ed7e7a53ed66b5250c235ed7b	crates/aether-data/adapters/mysql/migrations/20260519000000_add_referrals_privacy_required_announcements.sql	3ccd0709c3f3f369a901c5d71edf2d8e95dd250ed7e7a53ed66b5250c235ed7b
20260519000000	postgres	same_content	crates/aether-data/migrations/postgres/20260519000000_add_referrals_privacy_required_announcements.sql	020435bac1467f94ceb23fb84365060f3bb8be3788dcbb48ee803efc00060637	crates/aether-data/adapters/postgres/migrations/20260519000000_add_referrals_privacy_required_announcements.sql	020435bac1467f94ceb23fb84365060f3bb8be3788dcbb48ee803efc00060637
20260519000000	sqlite	same_content	crates/aether-data/migrations/sqlite/20260519000000_add_referrals_privacy_required_announcements.sql	2fbc9a0e60f9a188205284b0f8eaca86d16fe2039890e133564994e074b1cd6b	crates/aether-data/adapters/sqlite/migrations/20260519000000_add_referrals_privacy_required_announcements.sql	2fbc9a0e60f9a188205284b0f8eaca86d16fe2039890e133564994e074b1cd6b
20260519120000	mysql	same_content	crates/aether-data/migrations/mysql/20260519120000_add_oauth_provider_icon_url.sql	5228189f615d9f0f82034ec2a70186cb3e3019467c6257cafce8104c31b6bf2e	crates/aether-data/adapters/mysql/migrations/20260519120000_add_oauth_provider_icon_url.sql	5228189f615d9f0f82034ec2a70186cb3e3019467c6257cafce8104c31b6bf2e
20260519120000	postgres	same_content	crates/aether-data/migrations/postgres/20260519120000_add_oauth_provider_icon_url.sql	db349139d0158d3d521f03d51c9253e4ffcd5b2da6e6c8b79b69494389265f81	crates/aether-data/adapters/postgres/migrations/20260519120000_add_oauth_provider_icon_url.sql	db349139d0158d3d521f03d51c9253e4ffcd5b2da6e6c8b79b69494389265f81
20260519120000	sqlite	same_content	crates/aether-data/migrations/sqlite/20260519120000_add_oauth_provider_icon_url.sql	f1ef83ef38e26d4145a8e36a1e2ccb03943b78a8d80293ac4fc61504c0419ce0	crates/aether-data/adapters/sqlite/migrations/20260519120000_add_oauth_provider_icon_url.sql	f1ef83ef38e26d4145a8e36a1e2ccb03943b78a8d80293ac4fc61504c0419ce0
20260519130000	mysql	same_content	crates/aether-data/migrations/mysql/20260519130000_add_provider_api_key_default_pool_sort_index.sql	d80b1eb179c6cc460983e0665b9bfce73bde7bceb99f3b6c39004dd3fb533dee	crates/aether-data/adapters/mysql/migrations/20260519130000_add_provider_api_key_default_pool_sort_index.sql	d80b1eb179c6cc460983e0665b9bfce73bde7bceb99f3b6c39004dd3fb533dee
20260519130000	postgres	same_content	crates/aether-data/migrations/postgres/20260519130000_add_provider_api_key_default_pool_sort_index.sql	374c2f7777ec6fef908c5741f4f57b9616124a5eda3da6d9e54db4917b901d30	crates/aether-data/adapters/postgres/migrations/20260519130000_add_provider_api_key_default_pool_sort_index.sql	374c2f7777ec6fef908c5741f4f57b9616124a5eda3da6d9e54db4917b901d30
20260519130000	sqlite	same_content	crates/aether-data/migrations/sqlite/20260519130000_add_provider_api_key_default_pool_sort_index.sql	b9ffdc028d9e27e043d5c1c11daabc454ba517d3cd619d708cb5f9e6f9f4a54e	crates/aether-data/adapters/sqlite/migrations/20260519130000_add_provider_api_key_default_pool_sort_index.sql	b9ffdc028d9e27e043d5c1c11daabc454ba517d3cd619d708cb5f9e6f9f4a54e
20260520000000	mysql	aether_only			crates/aether-data/adapters/mysql/migrations/20260520000000_add_api_key_ip_rules.sql	c6af02baa1cc410a5d4504f298490b9f23a6b8feffa7f99bcd4ccba0627b5b5b
20260520000000	postgres	aether_only			crates/aether-data/adapters/postgres/migrations/20260520000000_add_api_key_ip_rules.sql	52143a4ec2d18057d9cf8e6f300a8c03cc14800b6cc6dbe9da1a73220210fd3b
20260520000000	sqlite	aether_only			crates/aether-data/adapters/sqlite/migrations/20260520000000_add_api_key_ip_rules.sql	b5d649bb87a2f8c7b0c5381e7fd57f52c0a7c3711ce5d751af0ab3a46a3a650d
20260520010000	mysql	aether_only			crates/aether-data/adapters/mysql/migrations/20260520010000_preserve_usage_provider_identity.sql	ec0f673a8b499d38ef49640696c7a716ee5b2dd77c10075db245d93c5e9d1ec2
20260520010000	postgres	aether_only			crates/aether-data/adapters/postgres/migrations/20260520010000_preserve_usage_provider_identity.sql	84718698da673b226bba8783f444193fe6347cc432a9dedea4bb7d7a967ffbe7
20260520010000	sqlite	aether_only			crates/aether-data/adapters/sqlite/migrations/20260520010000_preserve_usage_provider_identity.sql	007b198e778ae620fc79ecde6ba34e80d7a25c3eb4c2b021bdff72415519f433
20260522000000	postgres	aether_only			crates/aether-data/adapters/postgres/migrations/20260522000000_decouple_usage_identity_foreign_keys.sql	1d824d5d0240ecd559202a423c71f7979e891dce513a5db54af7f853abee94e7
20260524000000	mysql	aether_only			crates/aether-data/adapters/mysql/migrations/20260524000000_add_scheduler_hotspot_indexes.sql	d9938569e0c03d01262a18f8207e22169a725f01ed4d691693c7a9825659160a
20260524000000	postgres	aether_only			crates/aether-data/adapters/postgres/migrations/20260524000000_add_scheduler_hotspot_indexes.sql	7f8911376f5a2869dd6fa462fa0484fd6288bc155ac49c1b923693e2d008ec56
20260524000000	sqlite	aether_only			crates/aether-data/adapters/sqlite/migrations/20260524000000_add_scheduler_hotspot_indexes.sql	7e484b973f61e4ed19e09f30b265d3d2d8634ea3ba09f2c9b38ec32b3d22bcc8
20260527000000	mysql	aether_only			crates/aether-data/adapters/mysql/migrations/20260527000000_add_provider_key_name_hotspot_index.sql	57e0c396847e1cdea9149e1051f290e65d4f0eae9ffd184d1eeb5ac1ceba8bfe
20260527000000	postgres	aether_only			crates/aether-data/adapters/postgres/migrations/20260527000000_add_provider_key_name_hotspot_index.sql	fbe159877e8b61a3654bf9807128f80c678cd133ef81bb1013e615d1c87c4df6
20260527000000	sqlite	aether_only			crates/aether-data/adapters/sqlite/migrations/20260527000000_add_provider_key_name_hotspot_index.sql	3c06ce1f4ffb9c53c3a9a64d2046f9b8a69201051d7c56e59301b50fdd0057a4
20260527120000	mysql	niffler_only	crates/aether-data/migrations/mysql/20260527120000_add_user_group_concurrent_limit.sql	91ced2d2fa30cbd963268fee0c1fa7eba4dbbc5233a93ae36d845037eb49e8ae		
20260527120000	postgres	niffler_only	crates/aether-data/migrations/postgres/20260527120000_add_user_group_concurrent_limit.sql	d6826b559a28256e919822d7fdc9c396b75d3beb6d0b35736d2053e6dff85b4f		
20260527120000	sqlite	niffler_only	crates/aether-data/migrations/sqlite/20260527120000_add_user_group_concurrent_limit.sql	7da3585cc9baafe1c051c3dd0b096fd12ef45e79ddb3a618831588101998f74a		
20260528000000	mysql	aether_only			crates/aether-data/adapters/mysql/migrations/20260528000000_normalize_endpoint_api_roots.sql	ef2ccd6c1662dc68569f4fd79340e70f8bca6c572e43bcd5cab3f4b2f2feeb24
20260528000000	postgres	aether_only			crates/aether-data/adapters/postgres/migrations/20260528000000_normalize_endpoint_api_roots.sql	9dedc99a35cf425ae6010ceff17ec476b618f7e6c4b32ffdbf3423d8c5178996
20260528000000	sqlite	aether_only			crates/aether-data/adapters/sqlite/migrations/20260528000000_normalize_endpoint_api_roots.sql	07d09d8d7e3c96a276f3ebde0b8295674fbe8cc2d33ddb8b23702000e809cfdb
20260528010000	postgres	aether_only			crates/aether-data/adapters/postgres/migrations/20260528010000_repair_missing_routing_profiles.sql	d27bf53f331bc75b073dbe8aa5fbca35d32e617e7814eec054338aa767d64fce
20260528020000	mysql	aether_only			crates/aether-data/adapters/mysql/migrations/20260528020000_add_gateway_pressure_indexes.sql	56089c7bc78dc964b35063299d74640eac7a66a39a1035da3d1fb1dec132f55b
20260528020000	postgres	aether_only			crates/aether-data/adapters/postgres/migrations/20260528020000_add_gateway_pressure_indexes.sql	a6429fb429c94d30267ef25348aafa73d4dbeb2bf484a89b8d977822800579dc
20260528020000	sqlite	aether_only			crates/aether-data/adapters/sqlite/migrations/20260528020000_add_gateway_pressure_indexes.sql	d9f0c0f8aff42da4f4410d25a9248f6dec4426b18869400ab0956dff13aade41
20260528120000	mysql	niffler_only	crates/aether-data/migrations/mysql/20260528120000_add_entitlement_usage_windows.sql	3ec284990bdf49d5de533ff03d095006c5b15c18411efc1afa34ef1016d38316		
20260528120000	postgres	niffler_only	crates/aether-data/migrations/postgres/20260528120000_add_entitlement_usage_windows.sql	72543b6b87359cd647c40b895f16d08d8369d9e9b16f7d4fb0dc1e7864d91ea8		
20260528120000	sqlite	niffler_only	crates/aether-data/migrations/sqlite/20260528120000_add_entitlement_usage_windows.sql	18bb2c9565b9385f7776b1c6607040493edf15c53b0f39f550edf4187b00fa56		
20260530120000	mysql	niffler_only	crates/aether-data/migrations/mysql/20260530120000_add_api_key_group_pricing.sql	4738488400709a1beb4009d4bed5805d859101125f0598292b482d411643cdb6		
20260530120000	postgres	niffler_only	crates/aether-data/migrations/postgres/20260530120000_add_api_key_group_pricing.sql	48adfc42ceab25e02551c84211f8b4a286fdeb273bf68750ac6ea7ba461b068e		
20260530120000	sqlite	niffler_only	crates/aether-data/migrations/sqlite/20260530120000_add_api_key_group_pricing.sql	7af44e718c6052b3b724a526dad5f7fe5fe2c266b4190bc90be062a5f511e517		
20260531120000	mysql	niffler_only	crates/aether-data/migrations/mysql/20260531120000_require_api_key_group.sql	e8cadd553b79cbbdbcb9a8d0b6b82c79b0c8eecb014dd5a8cad1e3775e477259		
20260531120000	postgres	niffler_only	crates/aether-data/migrations/postgres/20260531120000_require_api_key_group.sql	97764e59030a0bb2126a2516c3cc5f0acac7f49b69aa07f8ba1486279f4bae70		
20260531120000	sqlite	niffler_only	crates/aether-data/migrations/sqlite/20260531120000_require_api_key_group.sql	1b17aae045458105fca32e7a82f8221e7d4c7d8c8ee35e714b12b7ce1d6e85fe		
20260601120000	mysql	niffler_only	crates/aether-data/migrations/mysql/20260601120000_add_entitlement_usage_request_index.sql	2cec028f696d4e7bb1f9e983609d7018c45adf7b0208cd57d84aafc9fbbd49a8		
20260601120000	postgres	niffler_only	crates/aether-data/migrations/postgres/20260601120000_add_entitlement_usage_request_index.sql	0d8f52a3deabb774ab8c3073a2df897a33c1b8c559ac593ea3c36451965b6146		
20260601120000	sqlite	niffler_only	crates/aether-data/migrations/sqlite/20260601120000_add_entitlement_usage_request_index.sql	81dc0521a2c4a80e852f1e7e51924cac0ed7e2790d169a032aa16a30deba2c9e		
20260606120000	mysql	niffler_only	crates/aether-data/migrations/mysql/20260606120000_add_niffler_core_refactor_shadow_tables.sql	b4d0730eeb333212f579be618bb4e8cca14ad11e38c4336f2cf9dfd4894c8efa		
20260606120000	postgres	niffler_only	crates/aether-data/migrations/postgres/20260606120000_add_niffler_core_refactor_shadow_tables.sql	a01fd77a9522f6c6e170a2206d020a2fdcf18cd8f4e48d78f587925fc8772f48		
20260606120000	sqlite	niffler_only	crates/aether-data/migrations/sqlite/20260606120000_add_niffler_core_refactor_shadow_tables.sql	8f5c0a7af8dc88d6c59ed48bfe64e45ff4a80af7d608fc61a3dba4a7671dcfdf		
20260607120000	mysql	niffler_only	crates/aether-data/migrations/mysql/20260607120000_add_niffler_core_refactor_shadow_extensions.sql	5097c9c45b38b0f912271e6fe41a68d430121076c841b6542a261539edaac439		
20260607120000	postgres	niffler_only	crates/aether-data/migrations/postgres/20260607120000_add_niffler_core_refactor_shadow_extensions.sql	ed51ec1c35038cbded698ebdcefcc39a184df407be5c6da448f1468fdc335cf0		
20260607120000	sqlite	niffler_only	crates/aether-data/migrations/sqlite/20260607120000_add_niffler_core_refactor_shadow_extensions.sql	dc585608b07fec614a6c3c7af140f0d03f561aea15cc1bb90c7a64b1b06519d6		
20260608120000	mysql	niffler_only	crates/aether-data/migrations/mysql/20260608120000_add_niffler_api_key_product_plan_bindings.sql	1e9c37416c84940e6cfd12eb269f75049ffbd68880081b9bba666fe788a423f8		
20260608120000	postgres	niffler_only	crates/aether-data/migrations/postgres/20260608120000_add_niffler_api_key_product_plan_bindings.sql	7697c2dcb294f150ec83f8e8c4341d49d7ac1965521ffe7933b823d925c16b19		
20260608120000	sqlite	niffler_only	crates/aether-data/migrations/sqlite/20260608120000_add_niffler_api_key_product_plan_bindings.sql	70ad06cc0c0057b9df266ad427b5907b50abeea2d2da5f909f53d1c71184ea94		
20260608130000	mysql	niffler_only	crates/aether-data/migrations/mysql/20260608130000_add_niffler_runtime_rollout_settings.sql	f26a84caec535fdfaf78dbb81336773d3265f729b2a06679d17803b3c71c022a		
20260608130000	postgres	niffler_only	crates/aether-data/migrations/postgres/20260608130000_add_niffler_runtime_rollout_settings.sql	857beba8d62d47279b1b5599c16ef7cc169922fe9229192e76096bb2108cb1f2		
20260608130000	sqlite	niffler_only	crates/aether-data/migrations/sqlite/20260608130000_add_niffler_runtime_rollout_settings.sql	7fc49034d6d78d70f997de11b04d64b9fb604f0e7048513904f4ff7428c7f617		
20260608140000	mysql	niffler_only	crates/aether-data/migrations/mysql/20260608140000_add_niffler_route_attempts_created_at_index.sql	05021c62bd18d46fd80b4f62ca3fc087e227476c845b98c8de7fa5dfb84b30ca		
20260608140000	postgres	niffler_only	crates/aether-data/migrations/postgres/20260608140000_add_niffler_route_attempts_created_at_index.sql	ef3d86a1bfbef75289d758c0a21fa603f66ef5f1abe7345bf548e5d1ec29181c		
20260608140000	sqlite	niffler_only	crates/aether-data/migrations/sqlite/20260608140000_add_niffler_route_attempts_created_at_index.sql	01f63472735e3ac9bab66857c624fc48ce2756e92dd4cad9db8a4b0709da3c64		
20260608150000	mysql	niffler_only	crates/aether-data/migrations/mysql/20260608150000_add_niffler_billing_reservation_dry_runs.sql	e6ec9a281c9ea334e2a5f83e014b23b428506d91d6a5ea37a99e10ab2dcdb41d		
20260608150000	postgres	niffler_only	crates/aether-data/migrations/postgres/20260608150000_add_niffler_billing_reservation_dry_runs.sql	aa616567f081a1391098331530ff616ccb850390691f354d8b81cefbf7443e20		
20260608150000	sqlite	niffler_only	crates/aether-data/migrations/sqlite/20260608150000_add_niffler_billing_reservation_dry_runs.sql	0186c6ebc03dad15d4da11967cafea45882fc6e9aae06facf5905cebfa25368f		
20260608160000	mysql	niffler_only	crates/aether-data/migrations/mysql/20260608160000_add_niffler_settlement_snapshot_dashboard_indexes.sql	539bdcf55584551b53b79d9c61ec3e9d46750767c4c5ff643f9adcde631f322b		
20260608160000	postgres	niffler_only	crates/aether-data/migrations/postgres/20260608160000_add_niffler_settlement_snapshot_dashboard_indexes.sql	87d7ae39799149cccc70d1104a4228e6752f7f69db07c2b361f066d172fc1f9d		
20260608160000	sqlite	niffler_only	crates/aether-data/migrations/sqlite/20260608160000_add_niffler_settlement_snapshot_dashboard_indexes.sql	ef118aff78ad961ba8190c286a5b18d883f5e75235fe6bac704ccd7e66cbfdae		
20260609120000	mysql	niffler_only	crates/aether-data/migrations/mysql/20260609120000_add_niffler_stability_observations.sql	80f0f744b0c1f8ba24ea03001405e493a94e6acf1dd69d966e11bc227721998e		
20260609120000	postgres	niffler_only	crates/aether-data/migrations/postgres/20260609120000_add_niffler_stability_observations.sql	07a1e5459ddc8a8dbf7c9541c6b31156bedc510dabba179a31e10a78e918d0be		
20260609120000	sqlite	niffler_only	crates/aether-data/migrations/sqlite/20260609120000_add_niffler_stability_observations.sql	a35e09e7a9baee2e148873c9a2e340c1c94178bc21d00c9c187b375cfde82633		
20260610120000	postgres	niffler_only	crates/aether-data/migrations/postgres/20260610120000_add_usage_provider_key_window_index.sql	0f8c99de1fc90dcfe3a54d5b606bd7d1c484247ea816ccd59b9ecb2c119fbd9a		
20260610143000	postgres	niffler_only	crates/aether-data/migrations/postgres/20260610143000_add_usage_counter_window_delta_columns.sql	2b437b37f0f8a00bf5cba33168b1a2712f0912b8b73fb002c19ac4ec1a5fcb76		
20260615120000	postgres	niffler_only	crates/aether-data/migrations/postgres/20260615120000_add_usage_official_cost_rollups.sql	8a07a8cc2d4e2cdf283989f81ed02ee839d42bd4b784df95492c29127f6c1b34		
20260620090000	mysql	niffler_only	crates/aether-data/migrations/mysql/20260620090000_add_content_moderation_evidence.sql	0c8c1cd12e8b750fe1c4c6875b9161c1764940d6beaaddae173938f9429b3319		
20260620090000	postgres	niffler_only	crates/aether-data/migrations/postgres/20260620090000_add_content_moderation_evidence.sql	dc9f6c13293fd8fcd0d356286a15f061e604d8cc3504ad46a0e01f06b716d855		
20260620090000	sqlite	niffler_only	crates/aether-data/migrations/sqlite/20260620090000_add_content_moderation_evidence.sql	f59d1fede3e016cb8bc4affd2273556e737a8e9dad2caf08d7ee0789c09e2b8f		
20260622100000	mysql	niffler_only	crates/aether-data/migrations/mysql/20260622100000_add_payment_gateway_webhook_secret.sql	8942508b805e5da748557cfff0c292d78b369e2920eababd19a7413d3103197e		
20260622100000	postgres	niffler_only	crates/aether-data/migrations/postgres/20260622100000_add_payment_gateway_webhook_secret.sql	98918b7b95d71b965f1f244199032389926c9d19790a84927df9a588a3f0db0e		
20260622100000	sqlite	niffler_only	crates/aether-data/migrations/sqlite/20260622100000_add_payment_gateway_webhook_secret.sql	8942508b805e5da748557cfff0c292d78b369e2920eababd19a7413d3103197e		
20260711000000	postgres	aether_only			crates/aether-data/adapters/postgres/migrations/20260711000000_normalize_provider_upstream_metadata_jsonb.sql	20502ecce09594a0be51034512d9d0e6a66857d2b6ef405c758b4136fd293f48
20260715000000	postgres	aether_only			crates/aether-data/adapters/postgres/migrations/20260715000000_add_usage_legacy_body_ref_cleanup_index.sql	684a69cf26b94533a9abcccb915ea9f60f605c07a5607a03ebfa65eae4a3db80
20260715130000	postgres	aether_only			crates/aether-data/adapters/postgres/migrations/20260715130000_add_usage_settlement_dashboard_covering_index.sql	246bfeef1bdc446493d178ba94db401b0c09667cc157266877f5144ca0a28245
20260715130100	postgres	aether_only			crates/aether-data/adapters/postgres/migrations/20260715130100_tune_usage_autovacuum_analyze.sql	5c5047b44d681174a9d53452d98285e7e303ce809c9cfdce2b806e2d4ca9ba15
20260716000000	postgres	aether_only			crates/aether-data/adapters/postgres/migrations/20260716000000_fix_usage_billing_facts_total_tokens.sql	83d2e0c51dbecae317927e7cdea41a9bd46558401640276c0cd721d1c9a6f2af
20260718000000	postgres	aether_only			crates/aether-data/adapters/postgres/migrations/20260718000000_decouple_request_candidate_api_key_foreign_key.sql	9578f68cf3a8c5cc6dd32fd6d3884a845993f10a7567c7b18d397cf8e212381b
20260718010000	postgres	aether_only			crates/aether-data/adapters/postgres/migrations/20260718010000_decouple_stats_daily_api_key_foreign_key.sql	4c920f4611ac449561403cb9a77ed1859c0c2df66c1e7cc9275bc0638da6951e
20260720000000	postgres	aether_only			crates/aether-data/adapters/postgres/migrations/20260720000000_add_usage_stale_pending_cleanup_index.sql	7c045afeaec01d6dcb56443aedd716d38d91a757e73155242e3b14006255095e
20260723120000	mysql	niffler_only	crates/aether-data/migrations/mysql/20260723120000_add_provider_key_window_usage_resets.sql	af624ad74a979e13dc72acfe599b9cc6847d908736ecb707eea2ada7d3f83b24		
20260723120000	postgres	niffler_only	crates/aether-data/migrations/postgres/20260723120000_separate_provider_key_window_usage.sql	6c23c20e5ece661083b1adb90a2d70698e32e1b95bbf1118131adeafcba32716		
20260723120000	sqlite	niffler_only	crates/aether-data/migrations/sqlite/20260723120000_add_provider_key_window_usage_resets.sql	935f9ce9575eb275f563ca3096c4512c90b23613ad913c988671ab1763f16b5a		
20260723121000	postgres	niffler_only	crates/aether-data/migrations/postgres/20260723121000_replace_usage_counter_ready_index.sql	1e8e76082995d1b2560373231dcb9f443094fa3442e401e0a12a1206aaddb812		
20260723122000	postgres	niffler_only	crates/aether-data/migrations/postgres/20260723122000_drop_usage_counter_unprocessed_index.sql	1fd9a59976b171272ce36fbcc910a2610a42c8b5e00162e16e04c0f9421782d5		
20260725000000	sqlite	aether_only			crates/aether-data/adapters/sqlite/migrations/20260725000000_normalize_imported_timestamp_storage.sql	cc9bd105a51468ba573855d57f80e369db714860762cf61dc173582d85ac4fb3
20260725010000	mysql	aether_only			crates/aether-data/adapters/mysql/migrations/20260725010000_add_cross_driver_schema_parity.sql	adaab188dc1536787a78ca88440d9195ee9e16c8dc77607c5d88128cca59ae06
20260725010000	sqlite	aether_only			crates/aether-data/adapters/sqlite/migrations/20260725010000_add_cross_driver_schema_parity.sql	c9dbee4f7ff307774054f8c8b5206ca14d91390bfccdb2efcb7991e232e3eb75
20260725020000	mysql	aether_only			crates/aether-data/adapters/mysql/migrations/20260725020000_add_advanced_stats_parity.sql	4f4019a2d148eb925cd617575d7dc660c8b240575e4baa9fd17e98250fa0e88b
20260725020000	sqlite	aether_only			crates/aether-data/adapters/sqlite/migrations/20260725020000_add_advanced_stats_parity.sql	5950641f95bc95e2f6c16ef7664cb1a6fd49ab10b30872451bf33aad48be0c0c
20260725030000	mysql	aether_only			crates/aether-data/adapters/mysql/migrations/20260725030000_add_usage_routing_snapshot_parity.sql	8dd7bc11be3fc42686944082fcb53fa1d1f734c76108763083e590527e3ccbd9
20260725030000	sqlite	aether_only			crates/aether-data/adapters/sqlite/migrations/20260725030000_add_usage_routing_snapshot_parity.sql	d1cee6525743d43f0588b0b3b90a158f0a8ac0b2851ad80c6cf6ad10d9919f32
20260725040000	sqlite	aether_only			crates/aether-data/adapters/sqlite/migrations/20260725040000_normalize_remaining_imported_timestamp_storage.sql	02e8a59cb380dad75ffce0380633d405f1689d4617804b6250d7ae845d72832d
20260725100000	postgres	niffler_only	crates/aether-data/migrations/postgres/20260725100000_add_usage_body_objects.sql	6e64401adc5f24478c21611a606ebd41e72c8e88c759a80feda5bb88b030334f		
20260727000000	mysql	aether_only			crates/aether-data/adapters/mysql/migrations/20260727000000_repair_routing_default_uniqueness.sql	837b75a2f0580cc016de5dff13e2dce5f88957dfab1deb57dc9a3b04f98f56c4
20260727000000	postgres	aether_only			crates/aether-data/adapters/postgres/migrations/20260727000000_repair_routing_default_uniqueness.sql	4213b995441f5fecfdecaa3c246680fa0c99d473a663d0b8cfb593bce0dc4cb9
20260727000000	sqlite	aether_only			crates/aether-data/adapters/sqlite/migrations/20260727000000_repair_routing_default_uniqueness.sql	657f4ce1f33cb96095ce74366f4a9d773f7e0b7f0581883f3f0f6c8938276484
20260731000000	mysql	aether_only			crates/aether-data/adapters/mysql/migrations/20260731000000_cleanup_duplicate_worker_boot_runs.sql	162628c972d222c81c5ae2245e5c427b89f227b3d01441bc36db0ece340668d4
20260731000000	postgres	aether_only			crates/aether-data/adapters/postgres/migrations/20260731000000_cleanup_duplicate_worker_boot_runs.sql	162628c972d222c81c5ae2245e5c427b89f227b3d01441bc36db0ece340668d4
20260731000000	sqlite	aether_only			crates/aether-data/adapters/sqlite/migrations/20260731000000_cleanup_duplicate_worker_boot_runs.sql	162628c972d222c81c5ae2245e5c427b89f227b3d01441bc36db0ece340668d4
20260731190000	postgres	niffler_only	crates/aether-data/migrations/postgres/20260731190000_align_openai_gpt5_pricing.sql	4f94743c4e76812362391a1d79d7bbdfcc8a2a3e9b5391e5f2f7f0a449db54f5		
20260801190000	mysql	niffler_only	crates/aether-data/migrations/mysql/20260801190000_add_provider_usage_contributions.sql	05c31ca6bba9ce46273ed8aab4c84e1fe903f69358b666e8bf7f80c1f95ced0d		
20260801190000	postgres	niffler_only	crates/aether-data/migrations/postgres/20260801190000_add_provider_usage_contributions.sql	cb1e364c6c9d6ff5e5782fdf93861a55fed410db2bf985ea8629998ae837027d		
20260801190000	sqlite	niffler_only	crates/aether-data/migrations/sqlite/20260801190000_add_provider_usage_contributions.sql	2d3e4d205845b148046f2ed87730ec8eb90f030797e5aef5f66c5330a8ce267d		
20260804120000	mysql	niffler_only	crates/aether-data/migrations/mysql/20260804120000_add_user_group_managed_instructions.sql	2ed09e3993b4e89739fd53dd632bde9d827b0fc06329e34ea5cf7e4b2b4fec2f		
20260804120000	postgres	niffler_only	crates/aether-data/migrations/postgres/20260804120000_add_user_group_managed_instructions.sql	65d5e8408650f6494340317d7ed7fdd5a8699453f39281e130fef3d73afb40b5		
20260804120000	sqlite	niffler_only	crates/aether-data/migrations/sqlite/20260804120000_add_user_group_managed_instructions.sql	01ed7a7d8e008d21c5d8d945e07afa5af3460756db4274c2e34dcb26671364f2		
20260809130000	mysql	niffler_only	crates/aether-data/migrations/mysql/20260809130000_add_billing_admissions_and_plan_providers.sql	4c83c84afaa41b5590358b924f87bca920b931c1139921961fa3f56d38a0b907		
20260809130000	postgres	niffler_only	crates/aether-data/migrations/postgres/20260809130000_add_billing_admissions_and_plan_providers.sql	360461ca7ff7eb33ec0929ea7bd0675d12ed221f8a3c18b8c48b352f3b4cfce9		
20260809130000	sqlite	niffler_only	crates/aether-data/migrations/sqlite/20260809130000_add_billing_admissions_and_plan_providers.sql	9ca25cdd45e48b81d621f2340ec7721a62e4eeefb931b044c9190a18fc70187f		
20260810180000	mysql	niffler_only	crates/aether-data/migrations/mysql/20260810180000_add_plan_purchase_debt_repayment.sql	1e7dde34f1f277c4f4f23fd64a687e9142ec10c9f32292c31f73be1c15f2610e		
20260810180000	postgres	niffler_only	crates/aether-data/migrations/postgres/20260810180000_add_plan_purchase_debt_repayment.sql	743623e742016ea76e1819b82dedf30a1d0fe46786e14235a5b5794294ce6148		
20260810180000	sqlite	niffler_only	crates/aether-data/migrations/sqlite/20260810180000_add_plan_purchase_debt_repayment.sql	307990fd7bc4645d5e5b3493298c5da6cc261b58e133046b705aabdc241336ac		
